Floor_Count,Trip_Length,GPS_Dropout_Rate,Noise_Level,Vit_Timestep_Acc,Vit_Seq_Match,Vit_Phys_Valid,Naive_Timestep_Acc,Naive_Seq_Match,Naive_Phys_Valid,Accuracy_Diff_Pct
3,20,0.0,low,1.0,1.0,1.0,1.0,1.0,1.0,0.0
3,20,0.0,medium,0.9299999999999997,0.36,1.0,0.8629999999999997,0.06,0.66,6.700000000000006
3,20,0.0,high,0.757,0.04,1.0,0.636,0.0,0.08,12.1
3,20,0.3,low,1.0,1.0,1.0,1.0,1.0,1.0,0.0
3,20,0.3,medium,0.9239999999999999,0.34,1.0,0.8450000000000003,0.0,0.64,7.899999999999963
3,20,0.3,high,0.78,0.04,1.0,0.6439999999999999,0.0,0.22,13.600000000000012
3,20,0.6,low,1.0,1.0,1.0,1.0,1.0,1.0,0.0
3,20,0.6,medium,0.8870000000000001,0.22,1.0,0.8059999999999999,0.02,0.56,8.10000000000002
3,20,0.6,high,0.738,0.06,1.0,0.6110000000000002,0.0,0.06,12.699999999999978
3,50,0.0,low,1.0,1.0,1.0,1.0,1.0,1.0,0.0
3,50,0.0,medium,0.9452000000000002,0.24,1.0,0.8824,0.0,0.3,6.280000000000019
3,50,0.0,high,0.7879999999999999,0.0,1.0,0.6567999999999999,0.0,0.04,13.119999999999997
3,50,0.3,low,0.9995999999999999,0.98,1.0,0.9995999999999999,0.98,1.0,0.0
3,50,0.3,medium,0.9284,0.02,1.0,0.846,0.0,0.08,8.240000000000002
3,50,0.3,high,0.7616,0.0,1.0,0.6260000000000001,0.0,0.0,13.559999999999995
3,50,0.6,low,1.0,1.0,1.0,1.0,1.0,1.0,0.0
3,50,0.6,medium,0.9276000000000001,0.04,1.0,0.8396000000000002,0.0,0.32,8.799999999999986
3,50,0.6,high,0.7379999999999999,0.0,1.0,0.6007999999999999,0.0,0.0,13.719999999999999
3,100,0.0,low,1.0,1.0,1.0,0.9996,0.96,0.98,0.039999999999995595
3,100,0.0,medium,0.9403999999999998,0.04,1.0,0.8776000000000002,0.0,0.06,6.279999999999964
3,100,0.0,high,0.7957999999999998,0.0,1.0,0.6675999999999999,0.0,0.0,12.819999999999999
3,100,0.3,low,1.0,1.0,1.0,1.0,1.0,1.0,0.0
3,100,0.3,medium,0.9362,0.0,1.0,0.8577999999999999,0.0,0.06,7.840000000000014
3,100,0.3,high,0.762,0.0,1.0,0.6381999999999999,0.0,0.0,12.380000000000013
3,100,0.6,low,1.0,1.0,1.0,1.0,1.0,1.0,0.0
3,100,0.6,medium,0.9174000000000001,0.0,1.0,0.8438000000000003,0.0,0.02,7.359999999999978
3,100,0.6,high,0.7422000000000001,0.0,1.0,0.6084,0.0,0.0,13.380000000000003
5,20,0.0,low,1.0,1.0,1.0,1.0,1.0,1.0,0.0
5,20,0.0,medium,0.8769999999999999,0.12,1.0,0.7429999999999999,0.0,0.18,13.4
5,20,0.0,high,0.6299999999999999,0.0,1.0,0.46399999999999975,0.0,0.0,16.600000000000016
5,20,0.3,low,1.0,1.0,1.0,1.0,1.0,1.0,0.0
5,20,0.3,medium,0.8479999999999999,0.1,1.0,0.7130000000000003,0.0,0.38,13.499999999999957
5,20,0.3,high,0.647,0.0,1.0,0.457,0.0,0.0,19.0
5,20,0.6,low,1.0,1.0,1.0,1.0,1.0,1.0,0.0
5,20,0.6,medium,0.861,0.14,1.0,0.7469999999999998,0.0,0.32,11.400000000000022
5,20,0.6,high,0.604,0.0,1.0,0.44799999999999984,0.0,0.0,15.600000000000014
5,50,0.0,low,1.0,1.0,1.0,1.0,1.0,1.0,0.0
5,50,0.0,medium,0.8907999999999997,0.02,1.0,0.7796000000000001,0.0,0.0,11.119999999999964
5,50,0.0,high,0.7175999999999998,0.0,1.0,0.5456,0.0,0.0,17.19999999999998
5,50,0.3,low,1.0,1.0,1.0,1.0,1.0,1.0,0.0
5,50,0.3,medium,0.894,0.04,1.0,0.7664,0.0,0.02,12.760000000000005
5,50,0.3,high,0.6944000000000001,0.0,1.0,0.4984000000000001,0.0,0.0,19.6
5,50,0.6,low,0.9996,0.98,1.0,1.0,1.0,1.0,-0.039999999999995595
5,50,0.6,medium,0.8880000000000001,0.02,1.0,0.7660000000000001,0.0,0.04,12.2
5,50,0.6,high,0.6711999999999998,0.0,1.0,0.48279999999999995,0.0,0.0,18.839999999999986
5,100,0.0,low,0.9998,0.98,1.0,0.9996,0.96,1.0,0.019999999999997797
5,100,0.0,medium,0.9152000000000002,0.02,1.0,0.8138,0.0,0.0,10.140000000000027
5,100,0.0,high,0.7402,0.0,1.0,0.5572,0.0,0.0,18.299999999999994
5,100,0.3,low,1.0,1.0,1.0,0.9998,0.98,1.0,0.019999999999997797
5,100,0.3,medium,0.8931999999999997,0.0,1.0,0.8042000000000001,0.0,0.0,8.899999999999952
5,100,0.3,high,0.7245999999999999,0.0,1.0,0.535,0.0,0.0,18.959999999999987
5,100,0.6,low,1.0,1.0,1.0,1.0,1.0,1.0,0.0
5,100,0.6,medium,0.8957999999999997,0.0,1.0,0.7842,0.0,0.0,11.15999999999997
5,100,0.6,high,0.6695999999999998,0.0,1.0,0.49019999999999997,0.0,0.0,17.939999999999976
8,20,0.0,low,1.0,1.0,1.0,0.9990000000000001,0.98,0.98,0.09999999999998899
8,20,0.0,medium,0.848,0.08,1.0,0.708,0.0,0.24,14.000000000000002
8,20,0.0,high,0.64,0.0,1.0,0.4299999999999997,0.0,0.02,21.00000000000003
8,20,0.3,low,1.0,1.0,1.0,1.0,1.0,1.0,0.0
8,20,0.3,medium,0.828,0.12,1.0,0.7079999999999999,0.0,0.22,12.00000000000001
8,20,0.3,high,0.5940000000000001,0.0,1.0,0.41,0.0,0.02,18.40000000000001
8,20,0.6,low,1.0,1.0,1.0,1.0,1.0,1.0,0.0
8,20,0.6,medium,0.8439999999999999,0.06,1.0,0.7,0.0,0.26,14.399999999999991
8,20,0.6,high,0.5999999999999999,0.0,1.0,0.40199999999999997,0.0,0.0,19.79999999999999
8,50,0.0,low,1.0,1.0,1.0,1.0,1.0,1.0,0.0
8,50,0.0,medium,0.8512000000000001,0.0,1.0,0.72,0.0,0.0,13.12000000000001
8,50,0.0,high,0.5975999999999999,0.0,1.0,0.43520000000000003,0.0,0.0,16.239999999999988
8,50,0.3,low,1.0,1.0,1.0,1.0,1.0,1.0,0.0
8,50,0.3,medium,0.8508000000000001,0.0,1.0,0.6847999999999999,0.0,0.02,16.600000000000026
8,50,0.3,high,0.6239999999999999,0.0,1.0,0.3948,0.0,0.0,22.91999999999999
8,50,0.6,low,1.0,1.0,1.0,1.0,1.0,1.0,0.0
8,50,0.6,medium,0.8524,0.0,1.0,0.6855999999999999,0.0,0.0,16.680000000000017
8,50,0.6,high,0.6315999999999999,0.0,1.0,0.4012,0.0,0.0,23.039999999999992
8,100,0.0,low,1.0,1.0,1.0,0.9998,0.98,1.0,0.019999999999997797
8,100,0.0,medium,0.8856000000000002,0.0,1.0,0.7547999999999998,0.0,0.0,13.080000000000036
8,100,0.0,high,0.6617999999999998,0.0,1.0,0.45020000000000004,0.0,0.0,21.15999999999998
8,100,0.3,low,1.0,1.0,1.0,1.0,1.0,1.0,0.0
8,100,0.3,medium,0.8823999999999999,0.0,1.0,0.7436000000000003,0.0,0.0,13.87999999999996
8,100,0.3,high,0.6881999999999999,0.0,1.0,0.48340000000000016,0.0,0.0,20.479999999999976
8,100,0.6,low,1.0,1.0,1.0,0.9992,0.94,0.96,0.08000000000000229
8,100,0.6,medium,0.8698000000000004,0.0,1.0,0.7207999999999999,0.0,0.0,14.900000000000047
8,100,0.6,high,0.652,0.0,1.0,0.43540000000000006,0.0,0.0,21.659999999999997
